{
  "products": [
    {
      "Id": "p1",
      "Name": "Phone",
      "Price": 1000,
      "Qty": 4,
      "Description": "Smartphone with 128GB storage, fast charging and a bright 6.1-inch display for everyday use."
    },
    {
      "Id": "p2",
      "Name": "Laptop",
      "Price": 3000,
      "Qty": 2,
      "Description": "15-inch laptop for study and work: 16GB RAM, SSD storage and a comfortable keyboard."
    },
    {
      "Id": "p3",
      "Name": "Headphones",
      "Price": 250,
      "Qty": 15,
      "Description": "Over-ear headphones with clear sound, soft ear pads and good noise isolation for music and calls."
    },
    {
      "Id": "p4",
      "Name": "Keyboard",
      "Price": 120,
      "Qty": 10,
      "Description": "Compact keyboard with comfortable key travel and a durable build — good for typing and coding."
    },
    {
      "Id": "p5",
      "Name": "Mouse",
      "Price": 80,
      "Qty": 20,
      "Description": "Ergonomic mouse with smooth tracking and adjustable DPI for office work and casual gaming."
    },
    {
      "Id": "p6",
      "Name": "Monitor 24",
      "Price": 700,
      "Qty": 6,
      "Description": "24-inch monitor with Full HD resolution and a slim bezel — great for study setups and office tasks."
    },
    {
      "Id": "p7",
      "Name": "Monitor 27",
      "Price": 1100,
      "Qty": 2,
      "Description": "27-inch monitor with a large workspace and sharp image — ideal for multitasking and creative work."
    },
    {
      "Id": "p8",
      "Name": "Webcam",
      "Price": 180,
      "Qty": 12,
      "Description": "HD webcam with a built-in mic — perfect for online classes, meetings and streaming."
    },
    {
      "Id": "p9",
      "Name": "Microphone",
      "Price": 300,
      "Qty": 8,
      "Description": "USB microphone with clean voice capture — good for Zoom, Discord, podcasts and recordings."
    },
    {
      "Id": "p10",
      "Name": "Speakers",
      "Price": 220,
      "Qty": 8,
      "Description": "Stereo speakers with balanced sound and simple volume control — upgrade your desktop audio."
    },
    {
      "Id": "p11",
      "Name": "USB Cable",
      "Price": 25,
      "Qty": 50,
      "Description": "Durable USB cable for charging and data transfer — reinforced ends to reduce bending damage."
    },
    {
      "Id": "p12",
      "Name": "Charger",
      "Price": 60,
      "Qty": 20,
      "Description": "Fast wall charger compatible with most devices — stable output and compact size for travel."
    },
    {
      "Id": "p13",
      "Name": "Power Bank",
      "Price": 150,
      "Qty": 18,
      "Description": "Portable power bank for emergency charging — enough capacity to recharge a phone 2–3 times."
    },
    {
      "Id": "p14",
      "Name": "SSD 1TB",
      "Price": 450,
      "Qty": 7,
      "Description": "1TB SSD with fast read/write speeds — improves system boot time and app loading drastically."
    },
    {
      "Id": "p15",
      "Name": "HDD 2TB",
      "Price": 320,
      "Qty": 5,
      "Description": "2TB hard drive for backups and large files — reliable storage for photos, videos and archives."
    },
    {
      "Id": "p16",
      "Name": "RAM 16GB",
      "Price": 280,
      "Qty": 11,
      "Description": "16GB memory kit for smoother multitasking — useful for browsers, IDEs and light creative apps."
    },
    {
      "Id": "p17",
      "Name": "GPU Stand",
      "Price": 90,
      "Qty": 14,
      "Description": "GPU support stand to prevent sagging — protects your graphics card and keeps the case tidy."
    },
    {
      "Id": "p18",
      "Name": "WiFi Router",
      "Price": 260,
      "Qty": 6,
      "Description": "Wi-Fi router with stable coverage — good for apartments and small homes, easy setup."
    },
    {
      "Id": "p19",
      "Name": "Smartwatch",
      "Price": 900,
      "Qty": 3,
      "Description": "Smartwatch with fitness tracking, notifications and long battery life — everyday health companion."
    },
    {
      "Id": "p20",
      "Name": "Tablet",
      "Price": 1400,
      "Qty": 4,
      "Description": "Tablet with a large display for reading, notes and video — great for study and entertainment."
    }
  ],
  "orders": [
    {
      "id": "e382b205-b40d-4f49-b351-dcfa970fddbc",
      "date": "2026-01-27T13:47:47.342Z",
      "products": [
        {
          "id": "p1",
          "qty": 1
        },
        {
          "id": "p9",
          "qty": 1
        }
      ]
    },
    {
      "id": "7ce4cacd-d409-44ca-88f2-7b4cac958a82",
      "date": "2026-01-27T15:29:25.161Z",
      "products": [
        {
          "id": "p7",
          "qty": 2
        }
      ]
    },
    {
      "id": "29e98d9e-5651-4e65-9cfd-b136e13d1ca8",
      "date": "2026-01-27T15:29:52.868Z",
      "products": [
        {
          "id": "p12",
          "qty": 5
        }
      ]
    }
  ]
}